{"flux_model": "night", "data": {"X": ["Ta", "H", "Tau", "LE_strg", "RH", "VPD", "Rg", "Ustar", "Tsoil1", "Tsoil2", "season", "hour", "dayofweek", "month", "dayofyear"], "train_size": 16736, "train_start_date": "Fri Jun 22 01:00:00 2012", "train_end_date": "Wed Aug 15 01:00:00 2018", "test_size": 4184, "test_start_date": "Wed Aug 15 01:30:00 2018", "test_end_date": "Mon Dec 30 05:30:00 2019"}, "model": {"activation": "<class 'torch.nn.modules.activation.ReLU'>", "lr": 0.001, "loss_fn": "MSELoss()"}, "training": {"num_epochs": 160, "patience": 50}, "eval": {"mae": {"nee": 0.024671433440073044, "E0": 0.014833270705680775, "rb": 0.0231561450497826, "dtemp": 0.01651972973670464, "f": 0.030284415650963917}, "r2": {"nee": 0.9981786581318616, "E0": 0.9999988291663897, "rb": 0.9977097198584054, "dtemp": -3.342254372636943, "f": 0.13651971324514978}}}