{"flux_model": "night", "data": {"X": ["Ta", "H", "Tau", "LE_strg", "RH", "VPD", "Rg", "Ustar", "Tsoil1", "Tsoil2", "season", "hour", "dayofweek", "month", "dayofyear"], "train_size": 16736, "train_start_date": "Fri Jun 22 01:00:00 2012", "train_end_date": "Wed Aug 15 01:00:00 2018", "test_size": 4184, "test_start_date": "Wed Aug 15 01:30:00 2018", "test_end_date": "Mon Dec 30 05:30:00 2019"}, "eval": {"mae": {"nee": 0.8415879717392287, "bnee": 0.26491102331227145, "E0": 0.04688319375820415, "rb": 0.10174507002415666, "dtemp": 0.04594029990291919, "f": 0.04664262256631575}, "r2": {"nee": 0.7470402737510813, "bnee": 0.9805195150524747, "E0": 0.9999781550964925, "rb": 0.9975008079174121, "dtemp": -41.02576879302301, "f": -1.3149445167580631}}, "model": {"activation": "<class 'torch.nn.modules.activation.ReLU'>", "lr": 0.001, "loss_fn": "MSELoss()"}, "training": {"patience": 20, "num_epochs": 140}}