{"flux_model": "night", "data": {"X": ["Ta", "H", "Tau", "RH", "VPD", "Rg", "Ustar", "Tsoil1", "season", "month_sin", "month_cos", "hour_sin", "hour_cos", "time", "site_x", "site_y", "site_z"], "train_size": 28191, "train_start_date": "Fri May  5 21:00:00 2017", "train_end_date": "Tue Nov  7 04:30:00 2017", "test_size": 12079, "test_start_date": "Fri Oct  5 01:30:00 2018", "test_end_date": "Mon Dec 30 05:30:00 2019"}, "eval": {"mae": {"nee": 0.9872222501309881, "bnee": 0.6480737566625918, "E0": 1.3129039419853032, "rb": 3.1823630732554267, "dtemp": 0.13778966887986052, "f": 0.035556474911400834}, "r2": {"nee": 0.6845066322975554, "bnee": 0.869872530644698, "E0": 0.998996619315714, "rb": -1.9857149282635524, "dtemp": -282.2606700522172, "f": -0.6872305537993151}, "rmse": {"nee": 1.5813741498958895, "bnee": 1.0351419106750168, "E0": 1.5469098693732801, "rb": 3.533909930033891, "dtemp": 0.17602024100814517, "f": 0.07145723284458087}}, "model": {"activation": "<class 'torch.nn.modules.activation.ReLU'>", "lr": 0.001, "loss_fn": "MSELoss()"}, "training": {"patience": 10, "num_epochs": 120}}