{"flux_model": "night", "data": {"X": ["Ta", "H", "Tau", "RH", "VPD", "Rg", "Ustar", "Tsoil1", "season", "month_sin", "month_cos", "hour_sin", "hour_cos", "time", "site_x", "site_y", "site_z"], "train_size": 28191, "train_start_date": "Fri May  5 21:00:00 2017", "train_end_date": "Tue Nov  7 04:30:00 2017", "test_size": 12079, "test_start_date": "Fri Oct  5 01:30:00 2018", "test_end_date": "Mon Dec 30 05:30:00 2019"}, "eval": {"mae": {"nee": 1.0988841737633859, "bnee": 0.3667638035476303, "E0": 0.666510511316442, "rb": 4.47209566888623, "dtemp": 0.01874380045549519, "f": 0.02992982794361947}, "r2": {"nee": 0.693707638382697, "bnee": 0.9630690185097063, "E0": 0.9992381056374999, "rb": -3.8227318988429904, "dtemp": -11.94359683182296, "f": 0.001734531852290333}, "rmse": {"nee": 1.7675162580171355, "bnee": 0.6237102257377303, "E0": 0.8294772422016591, "rb": 5.033179387840237, "dtemp": 0.03810193489367773, "f": 0.06123519503428612}}}