{"flux_model": "night", "data": {"X": ["Ta", "H", "Tau", "RH", "VPD", "Rg", "Ustar", "Tsoil1", "season", "month_sin", "month_cos", "hour_sin", "hour_cos", "time", "site_x", "site_y", "site_z"], "train_size": 28191, "train_start_date": "Mon Dec  4 17:30:00 2017", "train_end_date": "Mon Dec 30 05:30:00 2019", "test_size": 12079, "test_start_date": "Fri May  5 21:00:00 2017", "test_end_date": "Sun Nov  9 21:00:00 2014"}, "model": {"activation": "<class 'torch.nn.modules.activation.ReLU'>", "lr": 0.001, "loss_fn": "MSELoss()"}, "training": {"patience": 10, "num_epochs": 120}, "eval": {"mae": {"nee": 6.4917357704309655, "bnee": 6.4133038921199965, "E0": 2.6948165233506893, "rb": 4.247035168321352, "dtemp": 0.34605366628738465, "f": 0.03751053419544075}, "r2": {"nee": -66.09647913832859, "bnee": -66.58728658611426, "E0": 0.9955352489989714, "rb": -4.09470196275363, "dtemp": -2410.3929224093326, "f": -3.6193083018850256}}}