{"flux_model": "night", "data": {"X": ["Ta", "H", "Tau", "LE_strg", "RH", "VPD", "Rg", "Ustar", "Tsoil1", "Tsoil2", "season", "hour", "dayofweek", "month", "dayofyear"], "train_size": 16736, "train_start_date": "Fri Jun 22 01:00:00 2012", "train_end_date": "Wed Aug 15 01:00:00 2018", "test_size": 4184, "test_start_date": "Wed Aug 15 01:30:00 2018", "test_end_date": "Mon Dec 30 05:30:00 2019"}, "model": {"activation": "<class 'torch.nn.modules.activation.ReLU'>", "lr": 0.001, "loss_fn": "MSELoss()"}, "training": {"patience": 50, "num_epochs": 500}, "eval": {"mae": {"nee": 0.8805616655908739, "E0": 0.02331766161362482, "rb": 0.13672105329784334, "dtemp": 0.019691140138277368, "f": 0.03212387304373396}, "r2": {"nee": 0.7458170546399797, "E0": 0.999998827252122, "rb": 0.9940824784079347, "dtemp": -4.366748268995661, "f": -0.05604486505320172}}}