{"flux_model": "night", "data": {"X": ["Ta", "H", "Tau", "LE_strg", "RH", "VPD", "Rg", "Ustar", "Tsoil1", "Tsoil2", "season", "hour", "dayofweek", "month", "dayofyear"], "train_size": 16736, "train_start_date": "Fri Jun 22 01:00:00 2012", "train_end_date": "Wed Aug 15 01:00:00 2018", "test_size": 4184, "test_start_date": "Wed Aug 15 01:30:00 2018", "test_end_date": "Mon Dec 30 05:30:00 2019"}, "model": {"activation": "<class 'torch.nn.modules.activation.ReLU'>", "lr": 0.001, "loss_fn": "MSELoss()"}, "training": {"patience": 50, "num_epochs": 80}, "eval": {"mae": {"nee": 0.04938450529031726, "E0": 0.049608717457058325, "rb": 0.160390788806784, "dtemp": 0.02722287708470773, "f": 0.03372786286799864}, "r2": {"nee": 0.9958918277743829, "E0": 0.9999953663882116, "rb": 0.9925271308417839, "dtemp": -12.477809169039544, "f": 0.0131491313746388}}}