{"flux_model": "night", "data": {"X": ["Ta", "H", "Tau", "LE_strg", "RH", "VPD", "Rg", "Ustar", "Tsoil1", "Tsoil2", "season", "hour", "dayofweek", "month", "dayofyear"], "train_size": 21308, "train_start_date": "Fri Jun 22 06:00:00 2012", "train_end_date": "Sat Jul 21 06:30:00 2018", "test_size": 5327, "test_start_date": "Sat Jul 21 09:00:00 2018", "test_end_date": "Mon Dec 30 18:00:00 2019"}, "model": {"activation": "<class 'torch.nn.modules.activation.ReLU'>", "lr": 0.001, "loss_fn": "MSELoss()"}, "training": {"patience": 50, "num_epochs": 200}, "eval": {"mae": {"nee": 17.68609192527425, "E0": 1.2708870823485825, "rb": 1.5561801419599164, "alpha": 0.0, "beta": 0.0, "dtemp": 3.3151512274418233, "dRg": 13.750712412241352, "f": 34.04852322650201}, "r2": {"nee": -15.36017273180212, "E0": 0.9970056033982189, "rb": 0.25561072313916855, "alpha": 1.0, "beta": 1.0, "dtemp": -72569.84419247592, "dRg": -67.24005561233155, "f": -107561379.90028487}}}