{"flux_model": "night", "data": {"X": ["Ta", "H", "Tau", "LE_strg", "RH", "VPD", "Rg", "Ustar", "Tsoil1", "Tsoil2", "season", "hour", "dayofweek", "month", "dayofyear"], "train_size": 16736, "train_start_date": "Fri Jun 22 01:00:00 2012", "train_end_date": "Wed Aug 15 01:00:00 2018", "test_size": 4184, "test_start_date": "Wed Aug 15 01:30:00 2018", "test_end_date": "Mon Dec 30 05:30:00 2019"}, "model": {"activation": "<class 'torch.nn.modules.activation.ReLU'>", "lr": 0.001, "loss_fn": "MMD_loss()"}, "training": {"patience": 150, "num_epochs": 1000}, "eval": {"mae": {"nee": 0.5741425265182329, "E0": 3.6955440513946356, "rb": 0.2722948108929749, "dtemp": 0.11484019580325497, "f": 0.039641782979129805}, "r2": {"nee": 0.8985531565037242, "E0": 0.7304496770356679, "rb": 0.9128027631232025, "dtemp": -1096.3313863485066, "f": -0.8422735677763149}}}