{"flux_model": "night", "data": {"X": ["Ta", "H", "Tau", "LE_strg", "RH", "VPD", "Rg", "Ustar", "Tsoil1", "Tsoil2", "season", "hour", "dayofweek", "month", "dayofyear"], "train_size": 16736, "train_start_date": "Fri Jun 22 01:00:00 2012", "train_end_date": "Wed Aug 15 01:00:00 2018", "test_size": 4184, "test_start_date": "Wed Aug 15 01:30:00 2018", "test_end_date": "Mon Dec 30 05:30:00 2019"}, "model": {"activation": "<class 'torch.nn.modules.activation.ReLU'>", "lr": 0.001, "loss_fn": "MSELoss()"}, "training": {"patience": 50, "num_epochs": 10}, "eval": {"mae": {"nee": 0.8400422282673661, "E0": 0.16335611543965387, "rb": 0.6349502989655471, "dtemp": 0.04638932439319473, "f": 0.04400939054121097}, "r2": {"nee": 0.8828763139238311, "E0": 0.9998444177442815, "rb": 0.8420207717433391, "dtemp": -30.352865692637483, "f": -0.8986157151908625}}}