{"flux_model": "day", "data": {"X": ["Ta", "H", "Tau", "LE_strg", "RH", "VPD", "Rg", "Ustar", "Tsoil1", "Tsoil2", "season", "hour", "dayofweek", "month", "dayofyear", "NEE", "E0", "rb", "alpha", "beta"], "train_size": 21308, "train_start_date": "Fri Jun 22 06:00:00 2012", "train_end_date": "Sat Jul 21 06:30:00 2018", "test_size": 5327, "test_start_date": "Sat Jul 21 09:00:00 2018", "test_end_date": "Mon Dec 30 18:00:00 2019"}, "model": {"activation": "<class 'torch.nn.modules.activation.ReLU'>", "lr": 0.001, "loss_fn": "MMD_loss()"}, "training": {"patience": 50, "num_epochs": 2000}, "eval": {"mae": {"nee": 1.521800893263363, "E0": 3.3717453972537363, "rb": 0.22193150865678068, "alpha": 0.016204187941512634, "beta": 6.057526037347704, "dtemp": 0.011886527142900285, "dRg": 1.9835235137392306, "f": 0.07973112116030297}, "r2": {"nee": 0.868321881928709, "E0": 0.9711000060244095, "rb": 0.9790171085313125, "alpha": 0.8615338535183238, "beta": 0.984553216389091, "dtemp": -0.31283432683156875, "dRg": -0.22744967731496146, "f": -2.1241918877732435}}}