{"flux_model": "night", "data": {"X": ["Ta", "H", "Tau", "RH", "VPD", "Rg", "Ustar", "Tsoil1", "season", "month_sin", "month_cos", "hour_sin", "hour_cos", "time", "site_x", "site_y", "site_z"], "train_size": 28191, "train_start_date": "Fri May  5 21:00:00 2017", "train_end_date": "Tue Nov  7 04:30:00 2017", "test_size": 12079, "test_start_date": "Fri Oct  5 01:30:00 2018", "test_end_date": "Mon Dec 30 05:30:00 2019"}, "eval": {"mae": {"nee": 0.8821587273445342, "bnee": 0.3911244799156447, "E0": 0.41047437755784855, "rb": 0.7829579902567052, "dtemp": 0.1755408727859213, "f": 0.08523936910406325}, "r2": {"nee": 0.7269030545449365, "bnee": 0.9634202021393318, "E0": 0.9994600696691127, "rb": 0.8044991036311143, "dtemp": -304.41698746826034, "f": -10.090493842615743}, "rmse": {"nee": 1.6689900799284936, "bnee": 0.6207376534121948, "E0": 0.6982741381891341, "rb": 1.013375093367512, "dtemp": 0.1850828322096859, "f": 0.20410494357002737}}}