{"flux_model": "night", "data": {"X": ["Ta", "H", "Tau", "RH", "VPD", "Rg", "Ustar", "Tsoil1", "season", "month_sin", "month_cos", "hour_sin", "hour_cos", "time", "site_x", "site_y", "site_z"], "train_size": 28191, "train_start_date": "Mon Dec  4 17:30:00 2017", "train_end_date": "Mon Dec 30 05:30:00 2019", "test_size": 12079, "test_start_date": "Fri May  5 21:00:00 2017", "test_end_date": "Sun Nov  9 21:00:00 2014"}, "model": {"activation": "<class 'torch.nn.modules.activation.ReLU'>", "lr": 0.001, "loss_fn": "MSELoss()"}, "training": {"patience": 10, "num_epochs": 120}, "eval": {"mae": {"nee": 0.8713213468808365, "bnee": 0.29262351259437763, "E0": 0.06251614906405147, "rb": 0.3684826557011693, "dtemp": 0.007981329040544882, "f": 0.030772673933427863}, "r2": {"nee": 0.6822033590209724, "bnee": 0.9455867833269, "E0": 0.9999860355348984, "rb": 0.941237723444645, "dtemp": -0.030202000625414227, "f": -0.0019041787831677315}}}