{"flux_model": "night", "data": {"X": ["Ta", "H", "Tau", "LE_strg", "RH", "VPD", "Rg", "Ustar", "Tsoil1", "Tsoil2", "season", "hour", "dayofweek", "month", "dayofyear"], "train_size": 16736, "train_start_date": "Fri Jun 22 01:00:00 2012", "train_end_date": "Wed Aug 15 01:00:00 2018", "test_size": 4184, "test_start_date": "Wed Aug 15 01:30:00 2018", "test_end_date": "Mon Dec 30 05:30:00 2019"}, "model": {"activation": "<class 'torch.nn.modules.activation.ReLU'>", "lr": 0.001, "loss_fn": "MSELoss()"}, "training": {"patience": 50, "num_epochs": 80}, "eval": {"mae": {"nee": 0.1706698347901637, "E0": 0.11411829523557003, "rb": 0.16413302964621704, "dtemp": 0.02766379322761785, "f": 0.035815121865630066}, "r2": {"nee": 0.9846096464103621, "E0": 0.9999765711412614, "rb": 0.9903938037307705, "dtemp": -18.353120009486585, "f": -0.17746730128501698}}}