{"flux_model": "night", "data": {"X": ["Ta", "H", "Tau", "LE_strg", "RH", "VPD", "Rg", "Ustar", "Tsoil1", "Tsoil2", "season", "hour", "dayofweek", "month", "dayofyear"], "train_size": 16736, "train_start_date": "Fri Jun 22 01:00:00 2012", "train_end_date": "Wed Aug 15 01:00:00 2018", "test_size": 4184, "test_start_date": "Wed Aug 15 01:30:00 2018", "test_end_date": "Mon Dec 30 05:30:00 2019"}, "eval": {"mae": {"nee": 0.8435944418243024, "bnee": 0.2829528392700347, "E0": 0.03594949277363589, "rb": 0.050446079406410056, "dtemp": 0.041569457334921144, "f": 0.04127141802852231}, "r2": {"nee": 0.7287036520215533, "bnee": 0.9795111898207937, "E0": 0.9999862093491391, "rb": 0.9970868537521222, "dtemp": -40.275948462458146, "f": -1.8461356045844042}}}