{"flux_model": "night", "data": {"X": ["Ta", "H", "Tau", "LE_strg", "RH", "VPD", "Rg", "Ustar", "Tsoil1", "Tsoil2", "season", "hour", "dayofweek", "month", "dayofyear"], "train_size": 16736, "train_start_date": "Fri Jun 22 01:00:00 2012", "train_end_date": "Wed Aug 15 01:00:00 2018", "test_size": 4184, "test_start_date": "Wed Aug 15 01:30:00 2018", "test_end_date": "Mon Dec 30 05:30:00 2019"}, "model": {"activation": "<class 'torch.nn.modules.activation.ReLU'>", "lr": 0.001, "loss_fn": "MSELoss()"}, "training": {"patience": 50, "num_epochs": 200}, "eval": {"mae": {"nee": 0.1185971278533425, "E0": 0.1674848304879825, "rb": 0.4087431248469745, "dtemp": 0.05606964204409353, "f": 0.04899323260401903}, "r2": {"nee": 0.9913031984780516, "E0": 0.9999402728171749, "rb": 0.9436527508434589, "dtemp": -42.73316367077161, "f": -1.57714371039394}}}