{"flux_model": "night", "data": {"X": ["Ta", "H", "Tau", "RH", "VPD", "Rg", "Ustar", "Tsoil1", "season", "month_sin", "month_cos", "hour_sin", "hour_cos", "time", "site_x", "site_y", "site_z"], "train_size": 28191, "train_start_date": "Mon Dec  4 17:30:00 2017", "train_end_date": "Mon Dec 30 05:30:00 2019", "test_size": 12079, "test_start_date": "Fri May  5 21:00:00 2017", "test_end_date": "Sun Nov  9 21:00:00 2014"}, "model": {"activation": "<class 'torch.nn.modules.activation.Tanh'>", "lr": 0.001, "loss_fn": "MMD_loss()"}, "training": {"patience": 20, "num_epochs": 120}, "eval": {"mae": {"nee": 1.057160072059054, "bnee": 2.030860174105965, "E0": 67.5995345375812, "rb": 1.7545129977686633, "dtemp": 0.29263337447610815, "f": 0.21022342041170133}, "r2": {"nee": 0.6811809623442897, "bnee": 0.09372071978489338, "E0": -1.2163188177426312, "rb": -0.0001234574358284224, "dtemp": -896.5188676659981, "f": -84.7443285842131}}}