{"flux_model": "night", "data": {"X": ["Ta", "H", "Tau", "RH", "VPD", "Rg", "Ustar", "Tsoil1", "season", "month_sin", "month_cos", "hour_sin", "hour_cos", "time", "site_x", "site_y", "site_z"], "train_size": 28191, "train_start_date": "Fri May  5 21:00:00 2017", "train_end_date": "Tue Nov  7 04:30:00 2017", "test_size": 12079, "test_start_date": "Fri Oct  5 01:30:00 2018", "test_end_date": "Mon Dec 30 05:30:00 2019"}, "eval": {"mae": {"nee": 0.8657186736078823, "bnee": 0.378874005313329, "E0": 0.11381775229837633, "rb": 0.8569278893580687, "dtemp": 0.05208177703321876, "f": 0.044024378128836784}, "r2": {"nee": 0.7388284016827421, "bnee": 0.9642525074611983, "E0": 0.9999731893709219, "rb": 0.6673759993787267, "dtemp": -55.734255356899, "f": -3.5190829072791967}, "rmse": {"nee": 1.6321433784742216, "bnee": 0.6136351540291346, "E0": 0.15560035990228027, "rb": 1.3218209805453898, "dtemp": 0.07977048299139503, "f": 0.13028764548982585}}}