{"flux_model": "data", "data": {"X": ["Ta", "H", "Tau", "LE_strg", "RH", "VPD", "Rg", "Ustar", "Tsoil1", "Tsoil2", "season", "hour", "dayofweek", "month", "dayofyear"], "train_size": 21308, "train_start_date": "Fri Jun 22 06:00:00 2012", "train_end_date": "Sat Jul 21 06:30:00 2018", "test_size": 5327, "test_start_date": "Sat Jul 21 09:00:00 2018", "test_end_date": "Mon Dec 30 18:00:00 2019"}, "model": {"activation": "<class 'torch.nn.modules.activation.ReLU'>", "lr": 0.001, "loss_fn": "MSELoss()"}, "training": {"patience": 50, "num_epochs": 200}, "eval": {"mae": {"nee": 2.1109103789177905, "bnee": 0.5856347444167368, "E0": 0.7072763545038285, "rb": 1.2855179404505248, "alpha": 0.0, "beta": 0.0, "dtemp": 0.040993418958628056, "dRg": 1.7090683494578072, "f": 0.7060308095893533}, "r2": {"nee": -12.20391070057294, "bnee": 0.9845397390878532, "E0": 0.9990651989527942, "rb": 0.5186735915416252, "alpha": 1.0, "beta": 1.0, "dtemp": -17.340539810695137, "dRg": 0.05193878696315901, "f": -92369.4438610626}}}