{"flux_model": "night", "data": {"X": ["Ta", "H", "Tau", "LE_strg", "RH", "VPD", "Rg", "Ustar", "Tsoil1", "Tsoil2", "season", "hour", "dayofweek", "month", "dayofyear"], "train_size": 16736, "train_start_date": "Fri Jun 22 01:00:00 2012", "train_end_date": "Wed Aug 15 01:00:00 2018", "test_size": 4184, "test_start_date": "Wed Aug 15 01:30:00 2018", "test_end_date": "Mon Dec 30 05:30:00 2019"}, "model": {"activation": "<class 'torch.nn.modules.activation.ReLU'>", "lr": 0.001, "loss_fn": "MSELoss()"}, "training": {"patience": 50, "num_epochs": 10}, "eval": {"mae": {"nee": 1.069572206529616, "E0": 1.0704748616847664, "rb": 4.801537991841511, "dtemp": 0.8965045132389888, "f": 0.05266709579139417}, "r2": {"nee": 0.7633420863964868, "E0": 0.997795088422444, "rb": -4.006516812630793, "dtemp": -16097.602330838701, "f": -2.382824046577601}}}