{"flux_model": "night", "data": {"X": ["Ta", "H", "Tau", "LE_strg", "RH", "VPD", "Rg", "Ustar", "Tsoil1", "Tsoil2", "season", "hour", "dayofweek", "month", "dayofyear"], "train_size": 16736, "train_start_date": "Fri Jun 22 01:00:00 2012", "train_end_date": "Wed Aug 15 01:00:00 2018", "test_size": 4184, "test_start_date": "Wed Aug 15 01:30:00 2018", "test_end_date": "Mon Dec 30 05:30:00 2019"}, "model": {"activation": "<class 'torch.nn.modules.activation.ReLU'>", "lr": 0.001, "loss_fn": "MSELoss()"}, "training": {"patience": 50, "num_epochs": 10}, "eval": {"mae": {"nee": 30255379413.740948, "E0": 1.9513909857769998, "rb": 1.9000222205431923, "dtemp": 0.09857071130762705, "f": 0.05640542579158441}, "r2": {"nee": -6.788291577663922e+21, "E0": 0.9931951711494084, "rb": -0.18110081822827628, "dtemp": -144.16008943177258, "f": -2.383858341454898}}}