{"flux_model": "night", "data": {"X": ["Ta", "H", "Tau", "LE_strg", "RH", "VPD", "Rg", "Ustar", "Tsoil1", "Tsoil2", "season", "hour", "dayofweek", "month", "dayofyear"], "train_size": 16736, "train_start_date": "Fri Jun 22 01:00:00 2012", "train_end_date": "Wed Aug 15 01:00:00 2018", "test_size": 4184, "test_start_date": "Wed Aug 15 01:30:00 2018", "test_end_date": "Mon Dec 30 05:30:00 2019"}, "model": {"activation": "<class 'torch.nn.modules.activation.ReLU'>", "lr": 0.001, "loss_fn": "MSELoss()"}, "training": {"patience": 50, "num_epochs": 10}, "eval": {"mae": {"nee": 0.7265463794081206, "E0": 0.4233677245918697, "rb": 1.5265566646254998, "dtemp": 0.24488034670391814, "f": 0.15826596035066426}, "r2": {"nee": 0.8908960267482738, "E0": 0.9997070069648869, "rb": 0.23891151944838296, "dtemp": -769.7842729011032, "f": -31.214425247478708}}}