{"flux_model": "night", "data": {"X": ["Ta", "H", "Tau", "RH", "VPD", "Rg", "Ustar", "Tsoil1", "season", "month_sin", "month_cos", "hour_sin", "hour_cos", "time", "site_x", "site_y", "site_z"], "train_size": 28191, "train_start_date": "Fri May  5 21:00:00 2017", "train_end_date": "Tue Nov  7 04:30:00 2017", "test_size": 12079, "test_start_date": "Fri Oct  5 01:30:00 2018", "test_end_date": "Mon Dec 30 05:30:00 2019"}, "eval": {"mae": {"nee": 0.8714439600895623, "bnee": 0.3667638035476303, "E0": 0.21324984212368964, "rb": 4.395079606332015, "dtemp": 0.40897888709763797, "f": 0.02996427438275172}, "r2": {"nee": 0.730731370751645, "bnee": 0.9630690185097063, "E0": 0.9998543859912786, "rb": -3.6803178506209306, "dtemp": -1768.50779060158, "f": 0.00034619355056808576}, "rmse": {"nee": 1.6572507100896197, "bnee": 0.6237102257377303, "E0": 0.36262577841075616, "rb": 4.958308260040941, "dtemp": 0.4454980235110401, "f": 0.06127776168173823}}}