{"flux_model": "night", "data": {"X": ["Ta", "H", "Tau", "LE_strg", "RH", "VPD", "Rg", "Ustar", "Tsoil1", "Tsoil2", "season", "hour", "dayofweek", "month", "dayofyear"], "train_size": 16736, "train_start_date": "Fri Jun 22 01:00:00 2012", "train_end_date": "Wed Aug 15 01:00:00 2018", "test_size": 4184, "test_start_date": "Wed Aug 15 01:30:00 2018", "test_end_date": "Mon Dec 30 05:30:00 2019"}, "model": {"activation": "<class 'torch.nn.modules.activation.ReLU'>", "lr": 0.001, "loss_fn": "MSELoss()"}, "training": {"patience": 50, "num_epochs": 800}, "eval": {"mae": {"nee": 0.46152565488680825, "E0": 0.5873294387219284, "rb": 4.420174076526388, "dtemp": 0.17715973378929328, "f": 0.03066378678929565}, "r2": {"nee": 0.967040828396924, "E0": 0.9991848714817368, "rb": -3.36026067358653, "dtemp": -604.087734085551, "f": 0.008634403937522794}}}