{"flux_model": "night", "data": {"X": ["Ta", "H", "Tau", "LE_strg", "RH", "VPD", "Rg", "Ustar", "Tsoil1", "Tsoil2", "season", "hour", "dayofweek", "month", "dayofyear"], "train_size": 16736, "train_start_date": "Fri Jun 22 01:00:00 2012", "train_end_date": "Wed Aug 15 01:00:00 2018", "test_size": 4184, "test_start_date": "Wed Aug 15 01:30:00 2018", "test_end_date": "Mon Dec 30 05:30:00 2019"}, "model": {"activation": "<class 'torch.nn.modules.activation.ReLU'>", "lr": 0.001, "loss_fn": "MSELoss()"}, "training": {"patience": 50, "num_epochs": 40}, "eval": {"mae": {"nee": 0.3796137032485487, "E0": 0.04757775676865879, "rb": 0.07239152303047436, "dtemp": 0.04504666068211603, "f": 0.051968594877364244}, "r2": {"nee": 0.9745238574818437, "E0": 0.9999874470115905, "rb": 0.9985028194063347, "dtemp": -26.945136034270146, "f": -2.432137723371763}}}