{"flux_model": "night", "data": {"X": ["Ta", "H", "Tau", "LE_strg", "RH", "VPD", "Rg", "Ustar", "Tsoil1", "Tsoil2", "season", "hour", "dayofweek", "month", "dayofyear"], "train_size": 16736, "train_start_date": "Fri Jun 22 01:00:00 2012", "train_end_date": "Wed Aug 15 01:00:00 2018", "test_size": 4184, "test_start_date": "Wed Aug 15 01:30:00 2018", "test_end_date": "Mon Dec 30 05:30:00 2019"}, "model": {"activation": "<class 'torch.nn.modules.activation.ReLU'>", "lr": 0.001, "loss_fn": "MSELoss()"}, "training": {"patience": 50, "num_epochs": 80}, "eval": {"mae": {"nee": 0.08126532165315821, "E0": 0.0814450466382116, "rb": 0.04941201178681098, "dtemp": 0.08266400648379196, "f": 0.05478000862910708}, "r2": {"nee": 0.9743720039310927, "E0": 0.9999876876801236, "rb": 0.998251094567163, "dtemp": -94.97053607369098, "f": -2.6529362053739765}}}