{"flux_model": "night", "data": {"X": ["Ta", "H", "Tau", "RH", "VPD", "Rg", "Ustar", "Tsoil1", "season", "month_sin", "month_cos", "hour_sin", "hour_cos", "time", "site_x", "site_y", "site_z"], "train_size": 28191, "train_start_date": "Mon Dec  4 17:30:00 2017", "train_end_date": "Mon Dec 30 05:30:00 2019", "test_size": 12079, "test_start_date": "Fri May  5 21:00:00 2017", "test_end_date": "Sun Nov  9 21:00:00 2014"}, "eval": {"mae": {"nee": 0.9172422291216439, "bnee": 0.40436972518420417, "E0": 0.35790314120973427, "rb": 4.256247739922641, "dtemp": 0.12126987251770144, "f": 0.03651936611178709}, "r2": {"nee": 0.6548842400990404, "bnee": 0.950009237198147, "E0": 0.9998483469449289, "rb": -6.309907978057638, "dtemp": -163.31038653390172, "f": -0.6470677311914075}, "rmse": {"nee": 1.6131059315147602, "bnee": 0.6020778215549184, "E0": 0.49843699183082557, "rb": 4.608253690170514, "dtemp": 0.13793459225978358, "f": 0.0771129281320319}}}