{"flux_model": "night", "data": {"X": ["Ta", "H", "Tau", "LE_strg", "RH", "VPD", "Rg", "Ustar", "Tsoil1", "Tsoil2", "season", "hour", "dayofweek", "month", "dayofyear"], "train_size": 16736, "train_start_date": "Fri Jun 22 01:00:00 2012", "train_end_date": "Wed Aug 15 01:00:00 2018", "test_size": 4184, "test_start_date": "Wed Aug 15 01:30:00 2018", "test_end_date": "Mon Dec 30 05:30:00 2019"}, "model": {"activation": "<class 'torch.nn.modules.activation.ReLU'>", "lr": 0.001, "loss_fn": "MSELoss()"}, "training": {"num_epochs": 160, "patience": 50}, "eval": {"mae": {"nee": 0.12354683720045519, "E0": 0.04995526592772504, "rb": 0.014214157915707983, "dtemp": 0.012922883940158687, "f": 0.03166672321721242}, "r2": {"nee": 0.9938951378146601, "E0": 0.999991124763875, "rb": 0.9999003122420909, "dtemp": -1.629189973618379, "f": 0.10435873375124749}}}