{"flux_model": "night", "data": {"X": ["Ta", "H", "Tau", "RH", "VPD", "Rg", "Ustar", "Tsoil1", "season", "month_sin", "month_cos", "hour_sin", "hour_cos", "time", "site_x", "site_y", "site_z"], "train_size": 28191, "train_start_date": "Mon Dec  4 17:30:00 2017", "train_end_date": "Mon Dec 30 05:30:00 2019", "test_size": 12079, "test_start_date": "Fri May  5 21:00:00 2017", "test_end_date": "Sun Nov  9 21:00:00 2014"}, "eval": {"mae": {"nee": 0.8464159634603937, "bnee": 0.2570829612026746, "E0": 0.6791014254377453, "rb": 3.4718767142489044, "dtemp": 0.532375022679664, "f": 0.047627189893455636}, "r2": {"nee": 0.63525450696718, "bnee": 0.9762894679355515, "E0": 0.9995953635829199, "rb": -4.2693110504839105, "dtemp": -2824.8336127858806, "f": -3.0732131202314337}, "rmse": {"nee": 1.6583471900906952, "bnee": 0.41464687591864147, "E0": 0.8141738843281141, "rb": 3.9125269552070634, "dtemp": 0.572023643785054, "f": 0.12126627354453033}}}