{"flux_model": "night", "data": {"X": ["Ta", "H", "Tau", "LE_strg", "RH", "VPD", "Rg", "Ustar", "Tsoil1", "Tsoil2", "season", "hour", "dayofweek", "month", "dayofyear"], "train_size": 16736, "train_start_date": "Fri Jun 22 01:00:00 2012", "train_end_date": "Wed Aug 15 01:00:00 2018", "test_size": 4184, "test_start_date": "Wed Aug 15 01:30:00 2018", "test_end_date": "Mon Dec 30 05:30:00 2019"}, "eval": {"mae": {"nee": 0.8443901992472419, "bnee": 0.2800020137890803, "E0": 0.03392860584003748, "rb": 0.07307149236220474, "dtemp": 0.03979729779659698, "f": 0.03758535833489266}, "r2": {"nee": 0.7256086621398802, "bnee": 0.9775940363203656, "E0": 0.9999960019240336, "rb": 0.9956007727888102, "dtemp": -56.217341202338936, "f": -1.9349256355117785}}, "model": {"activation": "<class 'torch.nn.modules.activation.ReLU'>", "lr": 0.001, "loss_fn": "MSELoss()"}, "training": {"patience": 20, "num_epochs": 150}}