{"flux_model": "day", "data": {"X": ["Ta", "H", "Tau", "LE_strg", "RH", "VPD", "Rg", "Ustar", "Tsoil1", "Tsoil2", "season", "hour", "dayofweek", "month", "dayofyear", "NEE", "E0", "rb", "alpha", "beta"], "train_size": 21308, "train_start_date": "Fri Jun 22 06:00:00 2012", "train_end_date": "Sat Jul 21 06:30:00 2018", "test_size": 5327, "test_start_date": "Sat Jul 21 09:00:00 2018", "test_end_date": "Mon Dec 30 18:00:00 2019"}, "model": {"activation": "<class 'torch.nn.modules.activation.ReLU'>", "lr": 0.001, "loss_fn": "MMD_loss()"}, "eval": {"mae": {"nee": 1.529274552630208, "E0": 3.407242461487928, "rb": 0.2242647187110517, "alpha": 0.016312317517933116, "beta": 6.1829185392584876, "dtemp": 0.011655143024050652, "dRg": 1.9740562659385574, "f": 0.07883638379486035}, "r2": {"nee": 0.8673496421332905, "E0": 0.9710832058738122, "rb": 0.9791499912160883, "alpha": 0.8591849734071895, "beta": 0.9841168171465271, "dtemp": -0.30338115364495866, "dRg": -0.22111039483848982, "f": -2.035565049168713}}}