{"flux_model": "night", "data": {"X": ["Ta", "H", "Tau", "LE_strg", "RH", "VPD", "Rg", "Ustar", "Tsoil1", "Tsoil2", "season", "hour", "dayofweek", "month", "dayofyear"], "train_size": 16736, "train_start_date": "Fri Jun 22 01:00:00 2012", "train_end_date": "Wed Aug 15 01:00:00 2018", "test_size": 4184, "test_start_date": "Wed Aug 15 01:30:00 2018", "test_end_date": "Mon Dec 30 05:30:00 2019"}, "model": {"activation": "<class 'torch.nn.modules.activation.ReLU'>", "lr": 0.001, "loss_fn": "MSELoss()"}, "training": {"patience": 50, "num_epochs": 10}, "eval": {"mae": {"nee": 0.9125497559402459, "E0": 0.9063296071885877, "rb": 1.7810219851096318, "dtemp": 0.16226583763667488, "f": 0.06494390714937295}, "r2": {"nee": 0.8430664087788974, "E0": 0.9985747142692749, "rb": -0.02975803226609086, "dtemp": -378.45911681221907, "f": -2.8068886995968656}}}