{"flux_model": "night", "data": {"X": ["Ta", "H", "Tau", "RH", "VPD", "Rg", "Ustar", "Tsoil1", "season", "month_sin", "month_cos", "hour_sin", "hour_cos", "time", "site_x", "site_y", "site_z"], "train_size": 28191, "train_start_date": "Mon Dec  4 17:30:00 2017", "train_end_date": "Mon Dec 30 05:30:00 2019", "test_size": 12079, "test_start_date": "Fri May  5 21:00:00 2017", "test_end_date": "Sun Nov  9 21:00:00 2014"}, "eval": {"mae": {"nee": 0.9881942056267506, "bnee": 0.40436972518420417, "E0": 0.13512265883113697, "rb": 3.9885620562421877, "dtemp": 0.048678704196487635, "f": 0.030220803088366322}, "r2": {"nee": 0.6252253444830281, "bnee": 0.950009237198147, "E0": 0.9999827349919553, "rb": -5.507035830753, "dtemp": -32.426276330780986, "f": 0.0015119105965719637}, "rmse": {"nee": 1.680991815521985, "bnee": 0.6020778215549184, "E0": 0.1681775715224079, "rb": 4.347824682672175, "dtemp": 0.062213507421668326, "f": 0.060040307723342505}}}