{"flux_model": "night", "data": {"X": ["Ta", "H", "Tau", "LE_strg", "RH", "VPD", "Rg", "Ustar", "Tsoil1", "Tsoil2", "season", "hour", "dayofweek", "month", "dayofyear"], "train_size": 16736, "train_start_date": "Fri Jun 22 01:00:00 2012", "train_end_date": "Wed Aug 15 01:00:00 2018", "test_size": 4184, "test_start_date": "Wed Aug 15 01:30:00 2018", "test_end_date": "Mon Dec 30 05:30:00 2019"}, "eval": {"mae": {"nee": 0.9016074333161856, "bnee": 0.26491101704409653, "E0": 0.033846175009616244, "rb": 0.03859519325980265, "dtemp": 0.018840051695390495, "f": 0.03361005668788437}, "r2": {"nee": 0.7386854586131182, "bnee": 0.9805195154846885, "E0": 0.9999928121234468, "rb": 0.9985589092355281, "dtemp": -4.650974438395865, "f": -0.10355596268911582}}, "model": {"activation": "<class 'torch.nn.modules.activation.ReLU'>", "lr": 0.001, "loss_fn": "MSELoss()"}, "training": {"patience": 20, "num_epochs": 150}}