{"flux_model": "night", "data": {"X": ["Ta", "H", "Tau", "LE_strg", "RH", "VPD", "Rg", "Ustar", "Tsoil1", "Tsoil2", "season", "hour", "dayofweek", "month", "dayofyear"], "train_size": 16736, "train_start_date": "Fri Jun 22 01:00:00 2012", "train_end_date": "Wed Aug 15 01:00:00 2018", "test_size": 4184, "test_start_date": "Wed Aug 15 01:30:00 2018", "test_end_date": "Mon Dec 30 05:30:00 2019"}, "model": {"activation": "<class 'torch.nn.modules.activation.ReLU'>", "lr": 0.001, "loss_fn": "MSELoss()"}, "training": {"patience": 50, "num_epochs": 80}, "eval": {"mae": {"nee": 0.02801277115228755, "E0": 0.04199409576036734, "rb": 0.10384346541893413, "dtemp": 0.035697988975508986, "f": 0.0503936112332075}, "r2": {"nee": 0.9981487635859396, "E0": 0.9999951220246366, "rb": 0.9914699335747911, "dtemp": -20.342219800224754, "f": -1.8393035153636275}}}