{"flux_model": "day", "data": {"X": ["Ta", "H", "Tau", "LE_strg", "RH", "VPD", "Rg", "Ustar", "Tsoil1", "Tsoil2", "season", "hour", "dayofweek", "month", "dayofyear", "NEE", "E0", "rb", "alpha", "beta"], "train_size": 21308, "train_start_date": "Fri Jun 22 06:00:00 2012", "train_end_date": "Sat Jul 21 06:30:00 2018", "test_size": 5327, "test_start_date": "Sat Jul 21 09:00:00 2018", "test_end_date": "Mon Dec 30 18:00:00 2019"}, "model": {"activation": "<class 'torch.nn.modules.activation.ReLU'>", "lr": 0.001, "loss_fn": "MMD_loss()"}, "training": {"patience": 50, "num_epochs": 1000}, "eval": {"mae": {"nee": 1.7134648462015443, "E0": 4.282893673349148, "rb": 0.2850597979137592, "alpha": 0.02125616503659007, "beta": 7.097453590465004, "dtemp": 0.012476201943025782, "dRg": 1.732360936288621, "f": 0.0470972015754159}, "r2": {"nee": 0.8367885289917694, "E0": 0.9650357294555908, "rb": 0.9768739029058287, "alpha": 0.6580055107132997, "beta": 0.9850722506288307, "dtemp": 0.03966291190311344, "dRg": 0.018384441051432443, "f": 0.011596910636854973}}}