{"flux_model": "night", "data": {"X": ["Ta", "H", "Tau", "LE_strg", "RH", "VPD", "Rg", "Ustar", "Tsoil1", "Tsoil2", "season", "hour", "dayofweek", "month", "dayofyear", "NEE", "E0", "rb"], "train_size": 16736, "train_start_date": "Fri Jun 22 01:00:00 2012", "train_end_date": "Wed Aug 15 01:00:00 2018", "test_size": 4184, "test_start_date": "Wed Aug 15 01:30:00 2018", "test_end_date": "Mon Dec 30 05:30:00 2019"}, "model": {"activation": "<class 'torch.nn.modules.activation.ReLU'>", "lr": 0.001, "loss_fn": "MMD_loss()"}, "training": {"patience": 50, "num_epochs": 1000}, "eval": {"mae": {"nee": 1.4567225754090067, "E0": 18.401214168586876, "rb": 0.6020158412964235, "dtemp": 0.14817714132144583, "f": 0.03953678689617112}, "r2": {"nee": 0.4268254973340989, "E0": 0.35730222573372106, "rb": 0.8645705207931698, "dtemp": -1848.2153244348215, "f": -0.8792704293920262}}}