{"flux_model": "night", "data": {"X": ["Ta", "H", "Tau", "LE_strg", "RH", "VPD", "Rg", "Ustar", "Tsoil1", "Tsoil2", "season", "hour", "dayofweek", "month", "dayofyear"], "train_size": 16736, "train_start_date": "Fri Jun 22 01:00:00 2012", "train_end_date": "Wed Aug 15 01:00:00 2018", "test_size": 4184, "test_start_date": "Wed Aug 15 01:30:00 2018", "test_end_date": "Mon Dec 30 05:30:00 2019"}, "model": {"activation": "<class 'torch.nn.modules.activation.ReLU'>", "lr": 0.001, "loss_fn": "MMD_loss()"}, "training": {"patience": 150, "num_epochs": 1000}, "eval": {"mae": {"nee": 0.45791861991154076, "E0": 1.5772853709087773, "rb": 0.23034964054538004, "dtemp": 0.15463165404413567, "f": 0.043512477375097246}, "r2": {"nee": 0.8380918534036255, "E0": 0.9807782779582807, "rb": 0.9533713523649734, "dtemp": -2457.0534082371146, "f": -3.3501135326149623}}}