{"flux_model": "night", "data": {"X": ["Ta", "H", "Tau", "LE_strg", "RH", "VPD", "Rg", "Ustar", "Tsoil1", "Tsoil2", "season", "hour", "dayofweek", "month", "dayofyear"], "train_size": 16736, "train_start_date": "Fri Jun 22 01:00:00 2012", "train_end_date": "Wed Aug 15 01:00:00 2018", "test_size": 4184, "test_start_date": "Wed Aug 15 01:30:00 2018", "test_end_date": "Mon Dec 30 05:30:00 2019"}, "model": {"activation": "<class 'torch.nn.modules.activation.ReLU'>", "lr": 0.001, "loss_fn": "MSELoss()"}, "training": {"patience": 50, "num_epochs": 800}, "eval": {"mae": {"nee": 0.12514996572431483, "E0": 0.08207891183419164, "rb": 4.420880615027412, "dtemp": 0.01692779967546061, "f": 0.030681286896506087}, "r2": {"nee": 0.9904157880546308, "E0": 0.9999254059284817, "rb": -3.3626222310637646, "dtemp": -20.153708892703765, "f": -0.001618068374320325}}}