{"flux_model": "night", "data": {"X": ["Ta", "H", "Tau", "LE_strg", "RH", "VPD", "Rg", "Ustar", "Tsoil1", "Tsoil2", "season", "hour", "dayofweek", "month", "dayofyear"], "train_size": 16736, "train_start_date": "Fri Jun 22 01:00:00 2012", "train_end_date": "Wed Aug 15 01:00:00 2018", "test_size": 4184, "test_start_date": "Wed Aug 15 01:30:00 2018", "test_end_date": "Mon Dec 30 05:30:00 2019"}, "model": {"activation": "<class 'torch.nn.modules.activation.ReLU'>", "lr": 0.001, "loss_fn": "MSELoss()"}, "training": {"patience": 20, "num_epochs": 150}, "eval": {"mae": {"nee": 0.8531826971949971, "E0": 0.04684139711223186, "rb": 0.14081002384367225, "dtemp": 0.02553197542173678, "f": 0.035662499491363804}, "r2": {"nee": 0.7457576757473242, "E0": 0.9999958256668147, "rb": 0.9933434780000902, "dtemp": -10.956383481475035, "f": -0.2426166408453847}}}