{"flux_model": "night", "data": {"X": ["Ta", "H", "Tau", "LE_strg", "RH", "VPD", "Rg", "Ustar", "Tsoil1", "Tsoil2", "season", "hour", "dayofweek", "month", "dayofyear"], "train_size": 16736, "train_start_date": "Fri Jun 22 01:00:00 2012", "train_end_date": "Wed Aug 15 01:00:00 2018", "test_size": 4184, "test_start_date": "Wed Aug 15 01:30:00 2018", "test_end_date": "Mon Dec 30 05:30:00 2019"}, "eval": {"mae": {"nee": 0.85314911229974, "bnee": 0.26491101704409653, "E0": 0.04684147187446317, "rb": 0.14081004113813658, "dtemp": 0.025531985536291702, "f": 0.035662511956602055}, "r2": {"nee": 0.7457544156309852, "bnee": 0.9805195154846885, "E0": 0.9999958256588449, "rb": 0.9933434779446145, "dtemp": -10.956387907359826, "f": -0.24261798435588}}, "model": {"activation": "<class 'torch.nn.modules.activation.ReLU'>", "lr": 0.001, "loss_fn": "MSELoss()"}, "training": {"patience": 20, "num_epochs": 150}}