{"flux_model": "night", "data": {"X": ["Ta", "H", "Tau", "LE_strg", "RH", "VPD", "Rg", "Ustar", "Tsoil1", "Tsoil2", "season", "hour", "dayofweek", "month", "dayofyear"], "train_size": 16736, "train_start_date": "Fri Jun 22 01:00:00 2012", "train_end_date": "Wed Aug 15 01:00:00 2018", "test_size": 4184, "test_start_date": "Wed Aug 15 01:30:00 2018", "test_end_date": "Mon Dec 30 05:30:00 2019"}, "model": {"activation": "<class 'torch.nn.modules.activation.ReLU'>", "lr": 0.001, "loss_fn": "MSELoss()"}, "training": {"patience": 50, "num_epochs": 500}, "eval": {"mae": {"nee": 1.5119872130588812, "bnee": 1.1781982761268177, "E0": 0.16738592461463825, "rb": 0.34028982420952325, "dtemp": 0.07326725303584897, "f": 0.04603597062018394}, "r2": {"nee": 0.5396449251482517, "bnee": 0.8000170069082286, "E0": 0.9999304841927169, "rb": 0.9708344757602657, "dtemp": -76.87383703796182, "f": -0.9626545511448794}}}