{"flux_model": "night", "data": {"X": ["Ta", "H", "Tau", "LE_strg", "RH", "VPD", "Rg", "Ustar", "Tsoil1", "Tsoil2", "season", "hour", "dayofweek", "month", "dayofyear"], "train_size": 16736, "train_start_date": "Fri Jun 22 01:00:00 2012", "train_end_date": "Wed Aug 15 01:00:00 2018", "test_size": 4184, "test_start_date": "Wed Aug 15 01:30:00 2018", "test_end_date": "Mon Dec 30 05:30:00 2019"}, "model": {"activation": "<class 'torch.nn.modules.activation.ReLU'>", "lr": 0.001, "loss_fn": "MSELoss()"}, "training": {"patience": 50, "num_epochs": 10}, "eval": {"mae": {"nee": 1.2404578593105478, "E0": 4.5764036829909225, "rb": 4.729353659675879, "dtemp": 2.6957380749146185, "f": 0.12970581425970612}, "r2": {"nee": 0.7330303337276365, "E0": 0.9523215258210895, "rb": -3.895743351823424, "dtemp": -112776.87577691446, "f": -19.988493046740604}}}