{"flux_model": "night", "data": {"X": ["Ta", "H", "Tau", "LE_strg", "RH", "VPD", "Rg", "Ustar", "Tsoil1", "Tsoil2", "season", "hour", "dayofweek", "month", "dayofyear"], "train_size": 21308, "train_start_date": "Fri Jun 22 06:00:00 2012", "train_end_date": "Sat Jul 21 06:30:00 2018", "test_size": 5327, "test_start_date": "Sat Jul 21 09:00:00 2018", "test_end_date": "Mon Dec 30 18:00:00 2019"}, "model": {"activation": "<class 'torch.nn.modules.activation.ReLU'>", "lr": 0.001, "loss_fn": "MSELoss()"}, "training": {"patience": 50, "num_epochs": 200}, "eval": {"mae": {"nee": 1.951456096986747, "E0": 1.7153466920904579, "rb": 1.7756296903571918, "alpha": 0.0, "beta": 0.0, "dtemp": 0.013726891999632335, "dRg": 1.7618094474302297, "f": 0.095880387251816}, "r2": {"nee": 0.8010736534257163, "E0": 0.9943576061291457, "rb": 0.0626166697612458, "alpha": 1.0, "beta": 1.0, "dtemp": -0.1543635737931628, "dRg": -0.009944116988561458, "f": -6.933723372500449}}}