{"flux_model": "night", "data": {"X": ["Ta", "H", "Tau", "LE_strg", "RH", "VPD", "Rg", "Ustar", "Tsoil1", "Tsoil2", "season", "hour", "dayofweek", "month", "dayofyear"], "train_size": 16736, "train_start_date": "Fri Jun 22 01:00:00 2012", "train_end_date": "Wed Aug 15 01:00:00 2018", "test_size": 4184, "test_start_date": "Wed Aug 15 01:30:00 2018", "test_end_date": "Mon Dec 30 05:30:00 2019"}, "model": {"activation": "<class 'torch.nn.modules.activation.ReLU'>", "lr": 0.001, "loss_fn": "MSELoss()"}, "training": {"patience": 50, "num_epochs": 10}, "eval": {"mae": {"nee": 2.263713477211461, "E0": 2.919203319695438, "rb": 4.615120568180263, "dtemp": 0.48870713155638806, "f": 0.03490132266040358}, "r2": {"nee": 0.24833870776511957, "E0": 0.9863792994612991, "rb": -3.649538633666886, "dtemp": -6407.2312834175555, "f": -0.2298239323419471}}}