{"flux_model": "night", "data": {"X": ["Ta", "H", "Tau", "RH", "VPD", "Rg", "Ustar", "Tsoil1", "season", "month_sin", "month_cos", "hour_sin", "hour_cos", "time", "site_x", "site_y", "site_z"], "train_size": 28191, "train_start_date": "Mon Dec  4 17:30:00 2017", "train_end_date": "Mon Dec 30 05:30:00 2019", "test_size": 12079, "test_start_date": "Fri May  5 21:00:00 2017", "test_end_date": "Sun Nov  9 21:00:00 2014"}, "eval": {"mae": {"nee": 0.8441367628508726, "bnee": 0.40436972518420417, "E0": 0.05745911651271705, "rb": 0.08843679433786243, "dtemp": 0.10253267591103463, "f": 0.0739015060501929}, "r2": {"nee": 0.6467552977618697, "bnee": 0.950009237198147, "E0": 0.9999921366365785, "rb": 0.9943765428080407, "dtemp": -132.9890675851766, "f": -20.16850946905451}, "rmse": {"nee": 1.6319931137873778, "bnee": 0.6020778215549184, "E0": 0.11349816980435135, "rb": 0.12781508740801525, "dtemp": 0.12455907351310615, "f": 0.27645000666315456}}}