{"flux_model": "night", "data": {"X": ["Ta", "H", "Tau", "LE_strg", "RH", "VPD", "Rg", "Ustar", "Tsoil1", "Tsoil2", "season", "hour", "dayofweek", "month", "dayofyear"], "train_size": 16736, "train_start_date": "Fri Jun 22 01:00:00 2012", "train_end_date": "Wed Aug 15 01:00:00 2018", "test_size": 4184, "test_start_date": "Wed Aug 15 01:30:00 2018", "test_end_date": "Mon Dec 30 05:30:00 2019"}, "eval": {"mae": {"nee": 0.8375131063035067, "bnee": 0.2649110196083499, "E0": 0.1469217559347645, "rb": 0.1195116674751898, "dtemp": 0.1020353716899211, "f": 0.058586353814639794}, "r2": {"nee": 0.7303117186472002, "bnee": 0.9805195152072897, "E0": 0.9999674928454357, "rb": 0.9951866253148982, "dtemp": -145.71258741524204, "f": -3.0715146911636833}}}