{"flux_model": "night", "data": {"X": ["Ta", "H", "Tau", "LE_strg", "RH", "VPD", "Rg", "Ustar", "Tsoil1", "Tsoil2", "season", "hour", "dayofweek", "month", "dayofyear"], "train_size": 16736, "train_start_date": "Fri Jun 22 01:00:00 2012", "train_end_date": "Wed Aug 15 01:00:00 2018", "test_size": 4184, "test_start_date": "Wed Aug 15 01:30:00 2018", "test_end_date": "Mon Dec 30 05:30:00 2019"}, "eval": {"mae": {"nee": 0.8764680145561239, "bnee": 0.2649110223435535, "E0": 0.051962623632660784, "rb": 0.1865620516796185, "dtemp": 0.04015961828676707, "f": 0.03650075778625379}, "r2": {"nee": 0.7244838399899354, "bnee": 0.9805195151116686, "E0": 0.9999946349560686, "rb": 0.987312502027633, "dtemp": -21.394643866265273, "f": -0.3950560512356609}}, "model": {"activation": "<class 'torch.nn.modules.activation.ReLU'>", "lr": 0.001, "loss_fn": "MSELoss()"}, "training": {"patience": 20, "num_epochs": 150}}