{"flux_model": "night", "data": {"X": ["Ta", "H", "Tau", "LE_strg", "RH", "VPD", "Rg", "Ustar", "Tsoil1", "Tsoil2", "season", "hour", "dayofweek", "month", "dayofyear"], "train_size": 16736, "train_start_date": "Fri Jun 22 01:00:00 2012", "train_end_date": "Wed Aug 15 01:00:00 2018", "test_size": 4184, "test_start_date": "Wed Aug 15 01:30:00 2018", "test_end_date": "Mon Dec 30 05:30:00 2019"}, "model": {"activation": "<class 'torch.nn.modules.activation.ReLU'>", "lr": 0.001, "loss_fn": "MSELoss()"}, "training": {"patience": 20, "num_epochs": 150}, "eval": {"mae": {"nee": 0.8764680302123152, "E0": 0.051962692924484924, "rb": 0.18656206706513867, "dtemp": 0.04015961649891265, "f": 0.036500765304919545}, "r2": {"nee": 0.7244838373386744, "E0": 0.9999946349489306, "rb": 0.9873125012735144, "dtemp": -21.394644278357898, "f": -0.3950622226245819}}}