{"flux_model": "night", "data": {"X": ["Ta", "H", "Tau", "LE_strg", "RH", "VPD", "Rg", "Ustar", "Tsoil1", "Tsoil2", "season", "hour", "dayofweek", "month", "dayofyear"], "train_size": 16736, "train_start_date": "Fri Jun 22 01:00:00 2012", "train_end_date": "Wed Aug 15 01:00:00 2018", "test_size": 4184, "test_start_date": "Wed Aug 15 01:30:00 2018", "test_end_date": "Mon Dec 30 05:30:00 2019"}, "eval": {"mae": {"nee": 0.8352191724794886, "bnee": 0.28153897243521636, "E0": 0.0528127768755415, "rb": 0.2242082654575089, "dtemp": 0.04460269228010637, "f": 0.04697963696613926}, "r2": {"nee": 0.7248920654722795, "bnee": 0.9809695889698488, "E0": 0.999989827583617, "rb": 0.9853637349545074, "dtemp": -34.01152514280336, "f": -1.8725635330296484}}}