{"flux_model": "night", "data": {"X": ["Ta", "H", "Tau", "RH", "VPD", "Rg", "Ustar", "Tsoil1", "season", "month_sin", "month_cos", "hour_sin", "hour_cos", "time", "site_x", "site_y", "site_z"], "train_size": 28191, "train_start_date": "Fri May  5 21:00:00 2017", "train_end_date": "Tue Nov  7 04:30:00 2017", "test_size": 12079, "test_start_date": "Fri Oct  5 01:30:00 2018", "test_end_date": "Mon Dec 30 05:30:00 2019"}, "eval": {"mae": {"nee": 0.8834306026869624, "bnee": 0.3667638035476303, "E0": 0.03182824260669217, "rb": 0.025164757150155752, "dtemp": 0.008551814515705906, "f": 0.029865946106725272}, "r2": {"nee": 0.7455005321468, "bnee": 0.9630690185097063, "E0": 0.9999966294040138, "rb": 0.9990645778666878, "dtemp": -0.30924421225976384, "f": 0.013496289851582577}, "rmse": {"nee": 1.6111603788636664, "bnee": 0.6237102257377303, "E0": 0.055170947769453804, "rb": 0.07009703855773097, "dtemp": 0.012117970011955264, "f": 0.06087338365159919}}}