{"flux_model": "night", "data": {"X": ["Ta", "H", "Tau", "LE_strg", "RH", "VPD", "Rg", "Ustar", "Tsoil1", "Tsoil2", "season", "hour", "dayofweek", "month", "dayofyear"], "train_size": 16736, "train_start_date": "Fri Jun 22 01:00:00 2012", "train_end_date": "Wed Aug 15 01:00:00 2018", "test_size": 4184, "test_start_date": "Wed Aug 15 01:30:00 2018", "test_end_date": "Mon Dec 30 05:30:00 2019"}, "model": {"activation": "<class 'torch.nn.modules.activation.ReLU'>", "lr": 0.001, "loss_fn": "MSELoss()"}, "training": {"patience": 50, "num_epochs": 800}, "eval": {"mae": {"nee": 0.2494013598028492, "E0": 0.40889988164372926, "rb": 4.530309844254133, "dtemp": 0.07587849673470667, "f": 0.030663707605887613}, "r2": {"nee": 0.9861305837368765, "E0": 0.9997019798794016, "rb": -3.5344177391349625, "dtemp": -154.2392006794843, "f": -0.023914179031801153}}}