{"flux_model": "night", "data": {"X": ["Ta", "H", "Tau", "RH", "VPD", "Rg", "Ustar", "Tsoil1", "season", "month_sin", "month_cos", "hour_sin", "hour_cos", "time", "site_x", "site_y", "site_z"], "train_size": 28191, "train_start_date": "Fri May  5 21:00:00 2017", "train_end_date": "Tue Nov  7 04:30:00 2017", "test_size": 12079, "test_start_date": "Fri Oct  5 01:30:00 2018", "test_end_date": "Mon Dec 30 05:30:00 2019"}, "eval": {"mae": {"nee": 1.0371380786484015, "bnee": 0.7576919220020737, "E0": 0.4153323666279949, "rb": 4.422637445849643, "dtemp": 0.22499763392303798, "f": 0.030048281255352083}, "r2": {"nee": 0.7130250189942653, "bnee": 0.8918685477347261, "E0": 0.9997018000163326, "rb": -3.725360458746681, "dtemp": -627.1304701430038, "f": -0.0012808329110025607}, "rmse": {"nee": 1.7108713428725775, "bnee": 1.0672433500546636, "E0": 0.5189325381286127, "rb": 4.98211010193053, "dtemp": 0.2654266175422608, "f": 0.06132760894095987}}, "model": {"activation": "<class 'torch.nn.modules.activation.ReLU'>", "lr": 0.001, "loss_fn": "MSELoss()"}, "training": {"patience": 10, "num_epochs": 120}}