{"flux_model": "night", "data": {"X": ["Ta", "H", "Tau", "RH", "VPD", "Rg", "Ustar", "Tsoil1", "season", "month_sin", "month_cos", "hour_sin", "hour_cos", "time", "site_x", "site_y", "site_z"], "train_size": 28191, "train_start_date": "Fri May  5 21:00:00 2017", "train_end_date": "Tue Nov  7 04:30:00 2017", "test_size": 12079, "test_start_date": "Fri Oct  5 01:30:00 2018", "test_end_date": "Mon Dec 30 05:30:00 2019"}, "eval": {"mae": {"nee": 0.9371177705748093, "bnee": 0.3667638035476303, "E0": 0.13997378751090675, "rb": 0.22427535631319298, "dtemp": 0.11089070721210902, "f": 0.05401417926769705}, "r2": {"nee": 0.7397732993406405, "bnee": 0.9630690185097063, "E0": 0.9998971418498107, "rb": 0.9767243850491766, "dtemp": -137.9556005373541, "f": -2.9045008767138496}, "rmse": {"nee": 1.629188221996784, "bnee": 0.6237102257377303, "E0": 0.30477297183731655, "rb": 0.34966038512049974, "dtemp": 0.12484109515692396, "f": 0.12110465689310329}}}