{"flux_model": "night", "data": {"X": ["Ta", "H", "Tau", "RH", "VPD", "Rg", "Ustar", "Tsoil1", "season", "month_sin", "month_cos", "hour_sin", "hour_cos", "time", "site_x", "site_y", "site_z"], "train_size": 28191, "train_start_date": "Mon Dec  4 17:30:00 2017", "train_end_date": "Mon Dec 30 05:30:00 2019", "test_size": 12079, "test_start_date": "Fri May  5 21:00:00 2017", "test_end_date": "Sun Nov  9 21:00:00 2014"}, "eval": {"mae": {"nee": 0.9314832872250643, "bnee": 0.40436972518420417, "E0": 0.24065769723185673, "rb": 3.833768272650723, "dtemp": 0.08414577813499788, "f": 0.029843503714111902}, "r2": {"nee": 0.6388746605533606, "bnee": 0.950009237198147, "E0": 0.999942203185262, "rb": -5.066862470675106, "dtemp": -88.53405962392179, "f": -0.007501008152182909}, "rmse": {"nee": 1.6500969959600809, "bnee": 0.6020778215549184, "E0": 0.3077064761484716, "rb": 4.198193961817443, "dtemp": 0.10182040615068749, "f": 0.06031067786896213}}}