{"flux_model": "night", "data": {"X": ["Ta", "H", "Tau", "LE_strg", "RH", "VPD", "Rg", "Ustar", "Tsoil1", "Tsoil2", "season", "hour", "dayofweek", "month", "dayofyear"], "train_size": 16736, "train_start_date": "Fri Jun 22 01:00:00 2012", "train_end_date": "Wed Aug 15 01:00:00 2018", "test_size": 4184, "test_start_date": "Wed Aug 15 01:30:00 2018", "test_end_date": "Mon Dec 30 05:30:00 2019"}, "model": {"activation": "<class 'torch.nn.modules.activation.ReLU'>", "lr": 0.001, "loss_fn": "MSELoss()"}, "training": {"patience": 50, "num_epochs": 200}, "eval": {"mae": {"nee": 0.020494650999515054, "E0": 0.008760857992372823, "rb": 0.007419385970436592, "dtemp": 0.009165935193417869, "f": 0.029999614120551025}, "r2": {"nee": 0.998849452585661, "E0": 0.9999974957826573, "rb": 0.9996421360808111, "dtemp": -0.36523356244333827, "f": 0.07840335191592052}}}