{"flux_model": "night", "data": {"X": ["Ta", "H", "Tau", "RH", "VPD", "Rg", "Ustar", "Tsoil1", "season", "month_sin", "month_cos", "hour_sin", "hour_cos", "time", "site_x", "site_y", "site_z"], "train_size": 28191, "train_start_date": "Fri May  5 21:00:00 2017", "train_end_date": "Tue Nov  7 04:30:00 2017", "test_size": 12079, "test_start_date": "Fri Oct  5 01:30:00 2018", "test_end_date": "Mon Dec 30 05:30:00 2019"}, "eval": {"mae": {"nee": 1.0016806147492154, "bnee": 0.6299243618981448, "E0": 0.4785831396833702, "rb": 4.475879656208386, "dtemp": 0.04512047171312316, "f": 0.029990878276455843}, "r2": {"nee": 0.7091814890975134, "bnee": 0.9274008206047532, "E0": 0.9996001104083373, "rb": -3.828178752008359, "dtemp": -30.381630170605025, "f": -0.00012250779526157274}, "rmse": {"nee": 1.7222903062237942, "bnee": 0.8744868745344511, "E0": 0.6009345102821325, "rb": 5.036020853353606, "dtemp": 0.059327669947533884, "f": 0.06129212545618627}}}