{"flux_model": "night", "data": {"X": ["Ta", "H", "Tau", "LE_strg", "RH", "VPD", "Rg", "Ustar", "Tsoil1", "Tsoil2", "season", "hour", "dayofweek", "month", "dayofyear", "NEE", "E0", "rb"], "train_size": 16736, "train_start_date": "Fri Jun 22 01:00:00 2012", "train_end_date": "Wed Aug 15 01:00:00 2018", "test_size": 4184, "test_start_date": "Wed Aug 15 01:30:00 2018", "test_end_date": "Mon Dec 30 05:30:00 2019"}, "model": {"activation": "<class 'torch.nn.modules.activation.ReLU'>", "lr": 0.001, "loss_fn": "MMD_loss()"}, "training": {"patience": 150, "num_epochs": 2000}, "eval": {"mae": {"nee": 3.4614048068043037, "E0": 63.04055375236854, "rb": 3.1104671635289267, "dtemp": 0.8026964835769077, "f": 0.042866110747552984}, "r2": {"nee": -1.0330162794980264, "E0": -4.582586556875541, "rb": -1.6442605900651448, "dtemp": -24306.998524476126, "f": -0.5830809795698506}}}