{"flux_model": "night", "data": {"X": ["Ta", "H", "Tau", "LE_strg", "RH", "VPD", "Rg", "Ustar", "Tsoil1", "Tsoil2", "season", "hour", "dayofweek", "month", "dayofyear"], "train_size": 16736, "train_start_date": "Fri Jun 22 01:00:00 2012", "train_end_date": "Wed Aug 15 01:00:00 2018", "test_size": 4184, "test_start_date": "Wed Aug 15 01:30:00 2018", "test_end_date": "Mon Dec 30 05:30:00 2019"}, "model": {"activation": "<class 'torch.nn.modules.activation.ReLU'>", "lr": 0.001, "loss_fn": "MSELoss()"}, "training": {"patience": 50, "num_epochs": 500}, "eval": {"mae": {"nee": 0.8459001976505178, "E0": 0.10278767153592228, "rb": 0.07765529639520335, "dtemp": 0.1050449667126213, "f": 0.08151379667885592, "bnee": 0.2721639742316183}, "r2": {"nee": 0.727846312430708, "E0": 0.9999851036503092, "rb": 0.9977663191613578, "dtemp": -146.6003640270226, "f": -7.342931595069237, "bnee": 0.9790235200530253}}}