{"flux_model": "night", "data": {"X": ["Ta", "H", "Tau", "RH", "VPD", "Rg", "Ustar", "Tsoil1", "season", "month_sin", "month_cos", "hour_sin", "hour_cos", "time", "site_x", "site_y", "site_z"], "train_size": 28191, "train_start_date": "Fri May  5 21:00:00 2017", "train_end_date": "Tue Nov  7 04:30:00 2017", "test_size": 12079, "test_start_date": "Fri Oct  5 01:30:00 2018", "test_end_date": "Mon Dec 30 05:30:00 2019"}, "eval": {"mae": {"nee": 0.8513936236687301, "bnee": 0.2939740621465568, "E0": 0.08944048312964993, "rb": 0.04123621079804219, "dtemp": 0.04382275332074312, "f": 0.035497278491976036}, "r2": {"nee": 0.7271041778029614, "bnee": 0.9799831109493881, "E0": 0.9999772452486718, "rb": 0.9991759755562393, "dtemp": -44.16322528311084, "f": -0.763273005006001}, "rmse": {"nee": 1.6683753997705921, "bnee": 0.4591829253162849, "E0": 0.1433484963897518, "rb": 0.06579091052391033, "dtemp": 0.0711724664860127, "f": 0.08138378058208232}}}