{"flux_model": "night", "data": {"X": ["Ta", "H", "Tau", "RH", "VPD", "Rg", "Ustar", "Tsoil1", "season", "month_sin", "month_cos", "hour_sin", "hour_cos", "time", "site_x", "site_y", "site_z"], "train_size": 28191, "train_start_date": "Mon Dec  4 17:30:00 2017", "train_end_date": "Mon Dec 30 05:30:00 2019", "test_size": 12079, "test_start_date": "Fri May  5 21:00:00 2017", "test_end_date": "Sun Nov  9 21:00:00 2014"}, "eval": {"mae": {"nee": 0.8441367628508726, "bnee": 0.40436972518420417, "E0": 1.0492571656389342, "rb": 3.9046130072064877, "dtemp": 0.07867537629115988, "f": 0.030774921191358804}, "r2": {"nee": 0.6467552977618697, "bnee": 0.950009237198147, "E0": 0.9989313438706839, "rb": -5.2639951087763, "dtemp": -93.00177982764744, "f": -0.16262247559448784}, "rmse": {"nee": 1.6319931137873778, "bnee": 0.6020778215549184, "E0": 1.3231335293551425, "rb": 4.265855395500468, "dtemp": 0.10432988413492514, "f": 0.06478744039715739}}}