{"flux_model": "night", "data": {"X": ["Ta", "H", "Tau", "LE_strg", "RH", "VPD", "Rg", "Ustar", "Tsoil1", "Tsoil2", "season", "hour", "dayofweek", "month", "dayofyear"], "train_size": 16736, "train_start_date": "Fri Jun 22 01:00:00 2012", "train_end_date": "Wed Aug 15 01:00:00 2018", "test_size": 4184, "test_start_date": "Wed Aug 15 01:30:00 2018", "test_end_date": "Mon Dec 30 05:30:00 2019"}, "model": {"activation": "<class 'torch.nn.modules.activation.ReLU'>", "lr": 0.001, "loss_fn": "MSELoss()"}, "training": {"patience": 50, "num_epochs": 20}, "eval": {"mae": {"nee": 0.5474595061679643, "E0": 0.11220941762395388, "rb": 0.23509616685415088, "dtemp": 0.031617370827716616, "f": 0.03702836773935398}, "r2": {"nee": 0.9515423478786532, "E0": 0.9999462413930532, "rb": 0.9817044747701456, "dtemp": -15.233996027439964, "f": -0.5460487494255097}}}