{"flux_model": "night", "data": {"X": ["Ta", "H", "Tau", "RH", "VPD", "Rg", "Ustar", "Tsoil1", "season", "month_sin", "month_cos", "hour_sin", "hour_cos", "time", "site_x", "site_y", "site_z"], "train_size": 28191, "train_start_date": "Mon Dec  4 17:30:00 2017", "train_end_date": "Mon Dec 30 05:30:00 2019", "test_size": 12079, "test_start_date": "Fri May  5 21:00:00 2017", "test_end_date": "Sun Nov  9 21:00:00 2014"}, "eval": {"mae": {"nee": 0.8465403759748407, "bnee": 0.40436972518420417, "E0": 0.13547974117988623, "rb": 0.27003433620038964, "dtemp": 0.10253267591103463, "f": 0.0739015060501929}, "r2": {"nee": 0.6683786459718439, "bnee": 0.950009237198147, "E0": 0.999980698190059, "rb": 0.955662179345097, "dtemp": -132.9890675851766, "f": -20.16850946905451}, "rmse": {"nee": 1.58125436079558, "bnee": 0.6020778215549184, "E0": 0.177821267661788, "rb": 0.35889515524915, "dtemp": 0.12455907351310615, "f": 0.27645000666315456}}}