{"flux_model": "night", "data": {"X": ["Ta", "H", "Tau", "RH", "VPD", "Rg", "Ustar", "Tsoil1", "season", "month_sin", "month_cos", "hour_sin", "hour_cos", "time", "site_x", "site_y", "site_z"], "train_size": 28191, "train_start_date": "Fri May  5 21:00:00 2017", "train_end_date": "Tue Nov  7 04:30:00 2017", "test_size": 12079, "test_start_date": "Fri Oct  5 01:30:00 2018", "test_end_date": "Mon Dec 30 05:30:00 2019"}, "eval": {"mae": {"nee": 0.8407565393015766, "bnee": 0.3667638035476303, "E0": 0.03948002559012942, "rb": 0.035324052483175064, "dtemp": 0.34444844495625954, "f": 0.030028259602645282}, "r2": {"nee": 0.7544497629007207, "bnee": 0.9630690185097063, "E0": 0.9999897135781024, "rb": 0.9991182266987094, "dtemp": -1774.0591601787341, "f": -3.109472317275319e-05}, "rmse": {"nee": 1.5825794167269143, "bnee": 0.6237102257377303, "E0": 0.09638051919904767, "rb": 0.06805723832724549, "dtemp": 0.4461962932583004, "f": 0.061289324284592835}}}