{"flux_model": "night", "data": {"X": ["Ta", "H", "Tau", "RH", "VPD", "Rg", "Ustar", "Tsoil1", "season", "month_sin", "month_cos", "hour_sin", "hour_cos", "time", "site_x", "site_y", "site_z"], "train_size": 28191, "train_start_date": "Fri May  5 21:00:00 2017", "train_end_date": "Tue Nov  7 04:30:00 2017", "test_size": 12079, "test_start_date": "Fri Oct  5 01:30:00 2018", "test_end_date": "Mon Dec 30 05:30:00 2019"}, "eval": {"mae": {"nee": 0.8976915868173911, "bnee": 0.3667638035476303, "E0": 0.0952277512542773, "rb": 0.07721304527716341, "dtemp": 0.34444844495625954, "f": 0.030028259602645282}, "r2": {"nee": 0.7409376471693419, "bnee": 0.9630690185097063, "E0": 0.9999553563927802, "rb": 0.9979472225046245, "dtemp": -1774.0591601787341, "f": -3.109472317275319e-05}, "rmse": {"nee": 1.6255393488713628, "bnee": 0.6237102257377303, "E0": 0.20078752862563282, "rb": 0.10384050427317561, "dtemp": 0.4461962932583004, "f": 0.061289324284592835}}}