{"flux_model": "night", "data": {"X": ["Ta", "H", "Tau", "RH", "VPD", "Rg", "Ustar", "Tsoil1", "season", "month_sin", "month_cos", "hour_sin", "hour_cos", "time", "site_x", "site_y", "site_z"], "train_size": 28191, "train_start_date": "Fri May  5 21:00:00 2017", "train_end_date": "Tue Nov  7 04:30:00 2017", "test_size": 12079, "test_start_date": "Fri Oct  5 01:30:00 2018", "test_end_date": "Mon Dec 30 05:30:00 2019"}, "eval": {"mae": {"nee": 0.8398549272449293, "bnee": 0.3667638035476303, "E0": 0.1430683190568642, "rb": 4.457503565509814, "dtemp": 0.016524311517217585, "f": 0.029993369417143926}, "r2": {"nee": 0.7538675227981582, "bnee": 0.9630690185097063, "E0": 0.9999638795598781, "rb": -3.791739076010492, "dtemp": -3.10356577892519, "f": -0.002770764923454294}, "rmse": {"nee": 1.5844545841817752, "bnee": 0.6237102257377303, "E0": 0.18060659786278568, "rb": 5.016980699372563, "dtemp": 0.021453603101999338, "f": 0.06137322052082865}}}