{"flux_model": "night", "data": {"X": ["Ta", "H", "Tau", "LE_strg", "RH", "VPD", "Rg", "Ustar", "Tsoil1", "Tsoil2", "season", "hour", "dayofweek", "month", "dayofyear"], "train_size": 16736, "train_start_date": "Fri Jun 22 01:00:00 2012", "train_end_date": "Wed Aug 15 01:00:00 2018", "test_size": 4184, "test_start_date": "Wed Aug 15 01:30:00 2018", "test_end_date": "Mon Dec 30 05:30:00 2019"}, "model": {"activation": "<class 'torch.nn.modules.activation.ReLU'>", "lr": 0.001, "loss_fn": "MSELoss()"}, "training": {"num_epochs": 160, "patience": 50}, "eval": {"mae": {"nee": 2007555.492498603, "E0": 0.9138889850667512, "rb": 1.5619859498841813, "dtemp": 0.07704348972063174, "f": 0.04221926267274245}, "r2": {"nee": -24878082846629.71, "E0": 0.9985391212741805, "rb": 0.31555619447975247, "dtemp": -86.72606983612202, "f": -0.5578084778101917}}}