{"flux_model": "night", "data": {"X": ["Ta", "H", "Tau", "LE_strg", "RH", "VPD", "Rg", "Ustar", "Tsoil1", "Tsoil2", "season", "hour", "dayofweek", "month", "dayofyear"], "train_size": 16736, "train_start_date": "Fri Jun 22 01:00:00 2012", "train_end_date": "Wed Aug 15 01:00:00 2018", "test_size": 4184, "test_start_date": "Wed Aug 15 01:30:00 2018", "test_end_date": "Mon Dec 30 05:30:00 2019"}, "model": {"activation": "<class 'torch.nn.modules.activation.ReLU'>", "lr": 0.001, "loss_fn": "MSELoss()"}, "training": {"patience": 50, "num_epochs": 500}, "eval": {"mae": {"nee": 0.9294522470415323, "E0": 0.3663943812222599, "rb": 1.8037456077439835, "dtemp": 0.1896485484531255, "f": 0.13446216748262352}, "r2": {"nee": 0.7267126274141706, "E0": 0.999745734742859, "rb": -0.051249615006405236, "dtemp": -437.43057455165797, "f": -8.241614878323544}}}