{"flux_model": "night", "data": {"X": ["Ta", "H", "Tau", "LE_strg", "RH", "VPD", "Rg", "Ustar", "Tsoil1", "Tsoil2", "season", "hour", "dayofweek", "month", "dayofyear"], "train_size": 16736, "train_start_date": "Fri Jun 22 01:00:00 2012", "train_end_date": "Wed Aug 15 01:00:00 2018", "test_size": 4184, "test_start_date": "Wed Aug 15 01:30:00 2018", "test_end_date": "Mon Dec 30 05:30:00 2019"}, "model": {"activation": "<class 'torch.nn.modules.activation.ReLU'>", "lr": 0.001, "loss_fn": "MSELoss()"}, "training": {"patience": 50, "num_epochs": 10}, "eval": {"mae": {"nee": 0.6452835671689154, "E0": 0.35652406812853843, "rb": 1.0356879826371574, "dtemp": 0.0823112320917754, "f": 0.05311449109913643}, "r2": {"nee": 0.9169270511074378, "E0": 0.9997725910158441, "rb": 0.6364849213161493, "dtemp": -91.97144414069676, "f": -2.091838418092027}}}