{"flux_model": "night", "data": {"X": ["Ta", "H", "Tau", "LE_strg", "RH", "VPD", "Rg", "Ustar", "Tsoil1", "Tsoil2", "season", "hour", "dayofweek", "month", "dayofyear"], "train_size": 16736, "train_start_date": "Fri Jun 22 01:00:00 2012", "train_end_date": "Wed Aug 15 01:00:00 2018", "test_size": 4184, "test_start_date": "Wed Aug 15 01:30:00 2018", "test_end_date": "Mon Dec 30 05:30:00 2019"}, "eval": {"mae": {"nee": 0.8383876091193401, "bnee": 0.26491101704409653, "E0": 0.10221145713762389, "rb": 0.08332366668699348, "dtemp": 0.10007932366270794, "f": 0.061101382272360685}, "r2": {"nee": 0.7514748961901705, "bnee": 0.9805195154846885, "E0": 0.9999835872239169, "rb": 0.99813441280821, "dtemp": -142.81049613837678, "f": -2.68421256383687}}, "model": {"activation": "<class 'torch.nn.modules.activation.ReLU'>", "lr": 0.001, "loss_fn": "MSELoss()"}, "training": {"patience": 20, "num_epochs": 150}}