{"flux_model": "night", "data": {"X": ["Ta", "H", "Tau", "LE_strg", "RH", "VPD", "Rg", "Ustar", "Tsoil1", "Tsoil2", "season", "hour", "dayofweek", "month", "dayofyear"], "train_size": 16736, "train_start_date": "Fri Jun 22 01:00:00 2012", "train_end_date": "Wed Aug 15 01:00:00 2018", "test_size": 4184, "test_start_date": "Wed Aug 15 01:30:00 2018", "test_end_date": "Mon Dec 30 05:30:00 2019"}, "eval": {"mae": {"nee": 121587.38786606501, "bnee": 121587.38455495561, "E0": 91.60179594262694, "rb": 4.518237855986124, "dtemp": 0.9647270963192623, "f": 0.030679097462472375}, "r2": {"nee": -97449073097.7432, "bnee": -91606683483.26317, "E0": -8.701087202653929, "rb": -3.5233681417382234, "dtemp": -9632.094012063855, "f": -0.001625996635856275}}}