{"flux_model": "night", "data": {"X": ["Ta", "H", "Tau", "LE_strg", "RH", "VPD", "Rg", "Ustar", "Tsoil1", "Tsoil2", "season", "hour", "dayofweek", "month", "dayofyear"], "train_size": 16736, "train_start_date": "Fri Jun 22 01:00:00 2012", "train_end_date": "Wed Aug 15 01:00:00 2018", "test_size": 4184, "test_start_date": "Wed Aug 15 01:30:00 2018", "test_end_date": "Mon Dec 30 05:30:00 2019"}, "eval": {"mae": {"nee": 250.76537602346227, "bnee": 250.76070469121376, "E0": 87.40727740378043, "rb": 2.6067282837560937, "dtemp": 4.631200489407769, "f": 0.05984957444159627}, "r2": {"nee": -72122.42821074935, "bnee": -67796.515995542, "E0": -7.833388690470956, "rb": -1.017198091313667, "dtemp": -214067.87565110243, "f": -1.1280605070316718}}, "model": {"activation": "<class 'torch.nn.modules.activation.ReLU'>", "lr": 0.001, "loss_fn": "MSELoss()"}, "training": {"patience": 20, "num_epochs": 150}}