{"flux_model": "night", "data": {"X": ["Ta", "H", "Tau", "LE_strg", "RH", "VPD", "Rg", "Ustar", "Tsoil1", "Tsoil2", "season", "hour", "dayofweek", "month", "dayofyear"], "train_size": 16736, "train_start_date": "Fri Jun 22 01:00:00 2012", "train_end_date": "Wed Aug 15 01:00:00 2018", "test_size": 4184, "test_start_date": "Wed Aug 15 01:30:00 2018", "test_end_date": "Mon Dec 30 05:30:00 2019"}, "model": {"activation": "<class 'torch.nn.modules.activation.ReLU'>", "lr": 0.001, "loss_fn": "MSELoss()"}, "training": {"patience": 50, "num_epochs": 150}, "eval": {"mae": {"nee": 0.8929035446996557, "bnee": 0.35770354380770575, "E0": 0.0448829512295258, "rb": 0.048638570918407766, "dtemp": 0.048119756859894926, "f": 0.0433709768909311}, "r2": {"nee": 0.7173039927901084, "bnee": 0.9751296574580008, "E0": 0.9999934766740364, "rb": 0.9989157443472986, "dtemp": -50.11542292605866, "f": -2.9926452130255967}}}